學號,姓名,微積分班別,1,2,3,4,5,6,7,8,9,10,11,12,13,14,15,16,17,18,19,20,21,22,23,24,25,26,27,28,29,30,31,32,33,34,35,36,37,38,39,40,41,42,43,44,45,46,47,48,49,50,51,52,53,54,55,56,57,58,59,60,61,62,63,64,goal_setting,environment_structuring,task_strategies,time_management,help_seeking,self_evaluation,rehearsal,elaboration,organization,critical_thinking,metacognitive_selfregulation,math_self_efficacy,internet_self_efficacy
107206510.0,方筱喬,理學院C班,5.0,5.0,6.0,4.0,4.0,4.0,6.0,6.0,6.0,4.0,3.0,4.0,4.0,5.0,5.0,4.0,6.0,6.0,7.0,4.0,5.0,6.0,6.0,6.0,5.0,4.0,6.0,7.0,5.0,5.0,5.0,6.0,6.0,6.0,6.0,6.0,7.0,5.0,4.0,6.0,6.0,6.0,6.0,4.0,7.0,6.0,6.0,3.0,6.0,4.0,6.0,6.0,6.0,4.0,4.0,4.0,4.0,3.0,5.0,6.0,5.0,5.0,5.0,6.0,4.8,5.5,3.75,4.666666666666667,5.75,5.75,5.5,5.5,6.0,5.6,5.166666666666667,4.4,5.25
