學號,姓名,微積分班別,1,2,3,4,5,6,7,8,9,10,11,12,13,14,15,16,17,18,19,20,21,22,23,24,25,26,27,28,29,30,31,32,33,34,35,36,37,38,39,40,41,42,43,44,45,46,47,48,49,50,51,52,53,54,55,56,57,58,59,60,61,62,63,64,goal_setting,environment_structuring,task_strategies,time_management,help_seeking,self_evaluation,rehearsal,elaboration,organization,critical_thinking,metacognitive_selfregulation,math_self_efficacy,internet_self_efficacy
107302505.0,林軒宇,工學院C班,6.0,5.0,6.0,4.0,4.0,7.0,7.0,4.0,5.0,6.0,3.0,4.0,4.0,3.0,4.0,5.0,5.0,3.0,3.0,5.0,4.0,4.0,3.0,4.0,5.0,5.0,6.0,6.0,6.0,6.0,6.0,6.0,5.0,6.0,4.0,6.0,5.0,6.0,4.0,4.0,5.0,4.0,5.0,5.0,6.0,6.0,7.0,5.0,6.0,6.0,4.0,4.0,7.0,6.0,4.0,7.0,7.0,7.0,7.0,7.0,6.0,6.0,7.0,6.0,5.0,5.75,4.25,4.0,4.0,3.75,5.5,5.833333333333333,5.25,4.4,5.5,7.0,6.25
107302506.0,張建達,工學院D班,6.0,5.0,6.0,6.0,6.0,5.0,7.0,6.0,6.0,5.0,4.0,4.0,5.0,6.0,5.0,4.0,5.0,5.0,5.0,5.0,6.0,6.0,6.0,6.0,7.0,5.0,6.0,6.0,6.0,4.0,4.0,4.0,4.0,6.0,6.0,6.0,5.0,5.0,5.0,6.0,6.0,6.0,6.0,5.0,4.0,4.0,5.0,5.0,5.0,6.0,5.0,5.0,6.0,5.0,4.0,5.0,5.0,5.0,5.0,5.0,6.0,6.0,6.0,6.0,5.8,6.0,4.5,5.0,5.0,6.0,6.0,4.666666666666667,5.5,5.8,4.916666666666667,5.0,6.0
107304511.0,蔡立中,工學院C班,5.0,4.0,4.0,4.0,5.0,4.0,6.0,6.0,4.0,4.0,3.0,3.0,4.0,4.0,4.0,3.0,4.0,5.0,4.0,3.0,5.0,4.0,5.0,4.0,4.0,5.0,4.0,4.0,4.0,5.0,4.0,4.0,4.0,4.0,5.0,4.0,4.0,5.0,4.0,4.0,5.0,4.0,4.0,3.0,4.0,4.0,4.0,4.0,4.0,4.0,3.0,4.0,4.0,4.0,5.0,4.0,4.0,4.0,4.0,4.0,4.0,4.0,4.0,4.0,4.4,5.0,3.5,3.6666666666666665,4.0,4.5,4.25,4.166666666666667,4.5,4.2,3.9166666666666665,4.0,4.0
107801511.0,虞智凱,理學院C班,6.0,6.0,6.0,6.0,6.0,6.0,6.0,5.0,6.0,7.0,4.0,7.0,6.0,6.0,6.0,6.0,4.0,5.0,5.0,4.0,5.0,6.0,4.0,6.0,6.0,6.0,6.0,6.0,6.0,4.0,5.0,6.0,6.0,6.0,6.0,6.0,4.0,7.0,6.0,6.0,6.0,5.0,6.0,3.0,6.0,6.0,7.0,6.0,6.0,7.0,4.0,5.0,6.0,6.0,5.0,5.0,5.0,4.0,7.0,6.0,6.0,6.0,6.0,6.0,,,,,,,,,,,,,
