學號,姓名,微積分班別,1,2,3,4,5,6,7,8,9,10,11,12,13,14,15,16,17,18,19,20,21,22,23,24,25,26,27,28,29,30,31,32,33,34,35,36,37,38,39,40,41,42,43,44,45,46,47,48,49,50,51,52,53,54,55,56,57,58,59,60,61,62,63,64,goal_setting,environment_structuring,task_strategies,time_management,help_seeking,self_evaluation,rehearsal,elaboration,organization,critical_thinking,metacognitive_selfregulation,math_self_efficacy,internet_self_efficacy
107302505.0,林軒宇,工學院C班,6.0,4.0,6.0,6.0,6.0,6.0,7.0,4.0,4.0,7.0,3.0,4.0,4.0,3.0,4.0,3.0,5.0,5.0,4.0,5.0,4.0,3.0,2.0,2.0,5.0,7.0,6.0,7.0,7.0,6.0,5.0,7.0,4.0,5.0,7.0,7.0,6.0,7.0,5.0,4.0,4.0,5.0,5.0,6.0,4.0,4.0,6.0,5.0,5.0,6.0,6.0,5.0,6.0,3.0,4.0,7.0,7.0,5.0,7.0,7.0,7.0,7.0,7.0,5.0,5.6,5.25,4.5,3.3333333333333335,4.75,2.75,6.25,5.666666666666667,6.75,4.6,5.0,6.6,6.5
107302506.0,張建達,工學院D班,5.0,4.0,6.0,5.0,5.0,4.0,6.0,5.0,4.0,4.0,2.0,4.0,4.0,4.0,4.0,4.0,5.0,5.0,6.0,5.0,6.0,5.0,5.0,5.0,5.0,4.0,5.0,5.0,5.0,4.0,5.0,5.0,6.0,6.0,4.0,5.0,4.0,4.0,5.0,6.0,6.0,6.0,5.0,4.0,5.0,5.0,6.0,4.0,5.0,5.0,5.0,5.0,6.0,5.0,4.0,4.0,5.0,5.0,6.0,6.0,6.0,6.0,6.0,7.0,5.0,4.75,3.5,4.0,5.25,5.25,4.75,5.166666666666667,4.25,5.6,4.916666666666667,5.2,6.25
107304511.0,蔡立中,工學院C班,5.0,5.0,5.0,5.0,5.0,5.0,5.0,5.0,5.0,5.0,2.0,3.0,4.0,4.0,4.0,4.0,4.0,4.0,4.0,4.0,5.0,4.0,4.0,4.0,4.0,4.0,5.0,5.0,4.0,4.0,4.0,5.0,4.0,5.0,5.0,5.0,5.0,4.0,5.0,4.0,5.0,4.0,4.0,5.0,4.0,4.0,4.0,4.0,4.0,4.0,4.0,4.0,4.0,4.0,4.0,4.0,4.0,4.0,4.0,3.0,3.0,3.0,3.0,4.0,5.0,5.0,3.5,4.0,4.0,4.25,4.5,4.333333333333333,4.75,4.4,4.083333333333333,3.8,3.25
