學號,姓名,微積分班別,1,2,3,4,5,6,7,8,9,10,11,12,13,14,15,16,17,18,19,20,21,22,23,24,25,26,27,28,29,30,31,32,33,34,35,36,37,38,39,40,41,42,43,44,45,46,47,48,49,50,51,52,53,54,55,56,57,58,59,60,61,62,63,64,goal_setting,environment_structuring,task_strategies,time_management,help_seeking,self_evaluation,rehearsal,elaboration,organization,critical_thinking,metacognitive_selfregulation,math_self_efficacy,internet_self_efficacy
107302532.0,戴湘苓,工學院,6.0,6.0,6.0,5.0,6.0,6.0,5.0,6.0,5.0,6.0,2.0,6.0,6.0,5.0,5.0,6.0,6.0,6.0,6.0,5.0,6.0,6.0,5.0,5.0,6.0,5.0,6.0,5.0,6.0,6.0,5.0,6.0,6.0,5.0,6.0,5.0,5.0,6.0,5.0,5.0,5.0,5.0,6.0,3.0,6.0,5.0,6.0,6.0,5.0,6.0,6.0,5.0,5.0,6.0,5.0,5.0,5.0,5.0,6.0,6.0,6.0,6.0,5.0,6.0,5.8,5.5,5.0,5.333333333333333,5.75,5.5,5.5,5.666666666666667,5.5,5.2,5.333333333333333,5.4,5.75
107303021.0,魏加恩,工學院,6.0,4.0,6.0,4.0,7.0,7.0,7.0,4.0,7.0,1.0,1.0,6.0,3.0,3.0,3.0,3.0,6.0,6.0,7.0,3.0,7.0,7.0,7.0,7.0,7.0,1.0,4.0,7.0,4.0,7.0,7.0,1.0,7.0,7.0,1.0,7.0,4.0,1.0,7.0,7.0,7.0,7.0,7.0,7.0,7.0,7.0,4.0,7.0,7.0,7.0,4.0,7.0,7.0,6.0,6.0,4.0,4.0,4.0,4.0,6.0,6.0,6.0,6.0,6.0,,,,,,,,,,,,,
107303556.0,賴柏綸,工學院D班,5.0,5.0,5.0,5.0,5.0,5.0,5.0,5.0,5.0,5.0,3.0,4.0,5.0,5.0,5.0,5.0,5.0,5.0,5.0,5.0,5.0,5.0,5.0,5.0,5.0,5.0,5.0,5.0,5.0,5.0,5.0,5.0,5.0,5.0,5.0,5.0,5.0,5.0,5.0,5.0,5.0,5.0,5.0,5.0,5.0,5.0,5.0,5.0,5.0,5.0,4.0,5.0,5.0,5.0,5.0,5.0,5.0,5.0,5.0,6.0,5.0,5.0,5.0,5.0,5.0,5.0,4.25,5.0,5.0,5.0,5.0,5.0,5.0,5.0,4.916666666666667,5.2,5.0
107303558.0,莊振澤,工學院C班,4.0,4.0,5.0,5.0,5.0,5.0,5.0,5.0,5.0,6.0,2.0,4.0,4.0,3.0,4.0,3.0,5.0,3.0,4.0,3.0,5.0,4.0,4.0,4.0,4.0,3.0,4.0,5.0,5.0,4.0,2.0,4.0,5.0,4.0,5.0,2.0,6.0,4.0,5.0,6.0,4.0,4.0,4.0,4.0,4.0,5.0,5.0,4.0,5.0,5.0,6.0,4.0,4.0,4.0,4.0,3.0,3.0,3.0,4.0,4.0,4.0,4.0,4.0,4.0,4.6,5.0,4.0,3.3333333333333335,3.75,4.25,4.0,4.0,4.25,4.6,4.5,3.4,4.0
